<code_scheme name="ArezzoCo" version="173">
  <ImpexCodeStyleSettings>
    <option name="SPACE_AFTER_FIELD_VALUE_SEPARATOR" value="false" />
    <option name="SPACE_BEFORE_FIELD_VALUE_SEPARATOR" value="false" />
    <option name="SPACE_AFTER_PARAMETERS_SEPARATOR" value="false" />
    <option name="SPACE_AFTER_ASSIGN_VALUE" value="false" />
    <option name="SPACE_BEFORE_ASSIGN_VALUE" value="false" />
    <option name="TABLIFY" value="false" />
  </ImpexCodeStyleSettings>
  <JavaCodeStyleSettings>
    <option name="CLASS_COUNT_TO_USE_IMPORT_ON_DEMAND" value="25" />
    <option name="NAMES_COUNT_TO_USE_IMPORT_ON_DEMAND" value="25" />
  </JavaCodeStyleSettings>
  <codeStyleSettings language="JAVA">
    <option name="KEEP_BLANK_LINES_IN_DECLARATIONS" value="1" />
    <option name="KEEP_BLANK_LINES_IN_CODE" value="1" />
    <option name="KEEP_BLANK_LINES_BEFORE_RBRACE" value="1" />
    <indentOptions>
      <option name="CONTINUATION_INDENT_SIZE" value="4" />
      <option name="USE_TAB_CHARACTER" value="true" />
      <option name="SMART_TABS" value="true" />
    </indentOptions>
  </codeStyleSettings>
  <codeStyleSettings language="XML">
    <indentOptions>
      <option name="USE_TAB_CHARACTER" value="true" />
    </indentOptions>
  </codeStyleSettings>
</code_scheme>